<?xml version="1.0" encoding="UTF-8"?>
<beans xmlns="http://www.springframework.org/schema/beans"
    xmlns:xsi="http://www.w3.org/2001/XMLSchema-instance"
    xsi:schemaLocation="http://www.springframework.org/schema/beans http://www.springframework.org/schema/beans/spring-beans.xsd">
        <!-- score 객체 등록 및 인터페이스가 지정하는 실제 객체 지정 -->
        <bean id="SubjectList" class="spring_di.di.inter.SubjectList">
            <constructor-arg index="0"  value="80"></constructor-arg>
            <constructor-arg index="1"  value="70"></constructor-arg>
            <constructor-arg index="2"  value="90"></constructor-arg>
            <constructor-arg index="3"  value="60"></constructor-arg><!-- vo내에 생성자가 있어야함. -->
            <!-- <property name=""></property> getter setter을 ㄹ사용한 방법 vo에 getset 생성해줘야함. -->
        </bean>

        <bean id="Score" class="spring_di.di.inter.MakingScore">
             <constructor-arg ref="SubjectList"/>
        </bean>

        <!-- score 객체 등록 및 인터페이스가 지정하는 실제 객체 지정 -->
        <bean id="ScoreConsole" class="spring_di.di.console.NomalConsole">
            <property name="score"  ref="Score"></property>
        </bean>
</beans>
