<?xml version="1.0" encoding="UTF-8" ?>
<!DOCTYPE mapper
  PUBLIC "-//mybatis.org//DTD Mapper 3.0//EN"
  "http://mybatis.org/dtd/mybatis-3-mapper.dtd">
<mapper namespace="com.test.board.mapper.BoardMapper">
	<select id="searchBoard" resultType="map" parameterType="map">
		SELECT tb.BRDNO as BRDNO,
					 tb.BRDTITLE as BRDTITLE,
					 cu.USERNO as USERNO,
					 cu.USERNM as USERNM,
					 tb.BRDMEMO as BRDMEMO,
					 tb.BRDDATE as BRDDATE,
					 tb.HIT as HIT
			FROM TBL_BOARD tb
			INNER JOIN COM_USER cu ON tb.USERNO = cu.USERNO
		<where>
			AND tb.BGNO =#{bgno}
			<if test="keyword != null and !sw.isEmpty()">
				AND (MATCH(tb.BRDTITLE) AGAINST (#{keyword} IN NATURAL LANGUAGE MODE)
				OR MATCH(cu.USERNM) AGAINST (#{keyword} IN NATURAL LANGUAGE MODE))
			</if>
		</where>
		ORDER BY tb.BRDDATE DESC
		   LIMIT #{offset}, #{limit}
	</select>

	<select id="countBoard" resultType="int" parameterType="map">
		SELECT COUNT(*)
		  FROM TBL_BOARD tb
		  INNER JOIN COM_USER cu ON tb.USERNO = cu.USERNO
		<where>
			AND tb.BGNO =#{bgno}
			<if test="sw != null and !sw.isEmpty()">
				AND (MATCH(tb.BRDTITLE) AGAINST (#{sw} IN NATURAL LANGUAGE MODE)
				OR MATCH(cu.USERNM) AGAINST (#{sw} IN NATURAL LANGUAGE MODE))
			</if>
		</where>
	</select>
</mapper>